{
    "key": "new_workflow_1",
    "name": "Returned Item Form => Tag Order As Returned",
    "version": "1.0.0",
    "description": "",
    "seconds": 135,
    "enabled": false,
    "setup": false,
    "config": {
        "inputs": [
            {
                "schema": 2,
                "trigger_type": "input",
                "type": "form",
                "name": "Form Submitted",
                "key": "form",
                "operation_id": "form",
                "metadata": {
                    "form_data": [
                        {
                            "type": "text",
                            "required": false,
                            "label": "Street Number",
                            "className": "form-control",
                            "name": "street_number",
                            "subtype": "text"
                        },
                        {
                            "type": "text",
                            "required": false,
                            "label": "Zip Code",
                            "className": "form-control",
                            "name": "zip_code",
                            "subtype": "text"
                        }
                    ]
                },
                "local_fields": [],
                "selected_fields": [
                    "redirect_url"
                ],
                "on_error": "default",
                "weight": 0
            }
        ],
        "outputs": [
            {
                "schema": 4,
                "trigger_type": "output",
                "type": "data",
                "entity": "record",
                "action": "query",
                "name": "Look up customer by address",
                "key": "data",
                "operation_id": "get_database_table",
                "metadata": {
                    "api_endpoint": "get \/{database}\/{table}",
                    "query": "SELECT id FROM \"customers\" \nWHERE street_address = '{{form.street_number}}'\nand zip = '{{form.zip_code}}'",
                    "table": "customers",
                    "where_clause": {
                        "comparison": "equals"
                    }
                },
                "local_fields": [],
                "selected_fields": [
                    "query"
                ],
                "on_error": "default",
                "weight": 0
            },
            {
                "schema": 3,
                "trigger_type": "output",
                "type": "shopify",
                "entity": "order",
                "action": "list",
                "name": "Get List of Orders",
                "key": "shopify",
                "operation_id": "get_orders",
                "metadata": {
                    "api_endpoint": "get admin\/orders.json",
                    "parameters": "customer_id={{data[0].id}}",
                    "query": {
                        "status": "any"
                    }
                },
                "local_fields": [],
                "selected_fields": [
                    "parameters"
                ],
                "on_error": "default",
                "weight": 1
            },
            {
                "schema": 2,
                "trigger_type": "output",
                "type": "custom",
                "name": "Get Last order",
                "key": "custom",
                "operation_id": "custom",
                "metadata": {
                    "script": "custom.js"
                },
                "local_fields": [],
                "selected_fields": [],
                "on_error": "default",
                "weight": 2
            },
            {
                "schema": 3,
                "trigger_type": "output",
                "type": "shopify",
                "entity": "order",
                "action": "tag_add",
                "name": "Order Add Tag",
                "key": "shopify_1",
                "operation_id": "post_mesa_orders_order_id_tag",
                "metadata": {
                    "api_endpoint": "post mesa\/orders\/{{order_id}}\/tag.json",
                    "order_id": "{{custom.lastOrder.id}}",
                    "body": {
                        "tag": "returned"
                    }
                },
                "local_fields": [],
                "selected_fields": [],
                "on_error": "default",
                "weight": 3
            }
        ]
    }
}