{
    "key": "order-created--save-customer-data",
    "name": "Order Created => Save Customer Data",
    "version": "1.0.0",
    "description": "",
    "seconds": 135,
    "enabled": false,
    "setup": false,
    "config": {
        "inputs": [
            {
                "schema": 3,
                "trigger_type": "input",
                "type": "shopify",
                "entity": "order",
                "action": "created",
                "name": "Order Created",
                "key": "shopify",
                "operation_id": "orders_create",
                "metadata": {
                    "frequency": "every",
                    "includeFields": []
                },
                "local_fields": [],
                "selected_fields": [],
                "on_error": "default",
                "weight": 0
            }
        ],
        "outputs": [
            {
                "schema": 4,
                "trigger_type": "output",
                "type": "data",
                "entity": "record",
                "action": "update_create",
                "name": "Update or Create Record",
                "key": "data",
                "operation_id": "post_database_table_upsert",
                "metadata": {
                    "api_endpoint": "post \/{database}\/{table}\/upsert",
                    "create": "existing",
                    "new_table": "",
                    "columns": [
                        {
                            "key": "id",
                            "type": "varchar",
                            "value": "{{shopify.customer.id}}",
                            "disabled": "666b5bb9eb6bab536703b8cb"
                        },
                        {
                            "key": "email",
                            "type": "varchar",
                            "value": "{{shopify.customer.email}}",
                            "disabled": "666b5bb9eb6bab536703b8cb"
                        },
                        {
                            "key": "street_address",
                            "type": "varchar",
                            "value": "{{shopify.shipping_address.address1}}",
                            "disabled": "666b5bb9eb6bab536703b8cb"
                        },
                        {
                            "key": "zip",
                            "type": "varchar",
                            "value": "{{shopify.shipping_address.zip}}",
                            "disabled": "666b5bb9eb6bab536703b8cb"
                        }
                    ],
                    "where_clause": {
                        "comparison": "equals",
                        "b": "{{shopify.customer.id}}",
                        "a": "id"
                    },
                    "table": "customers"
                },
                "local_fields": [],
                "selected_fields": [],
                "on_error": "default",
                "weight": 0
            }
        ]
    }
}